sd,mean,lci,uci
0.0018050048817446415,0.010038095238095238,0.009926219876460134,0.010149970599730343
